Workbook

Sheet 总览
A1: 《阿修罗》阶段1资产统计总览
A2: 正式母版：镜头01—30｜214秒｜102条生产记录｜v0.9（主创确认前）
A4: 资产类型 | B4: 数量 | C4: P0 | D4: P1 | E4: 关键指标 | F4: 数值 | G4: 状态 | H4: 说明
A5: CHR | B5: =COUNTIF(资产主表!$B$5:$B$106,A5) -> 4 | C5: =COUNTIFS(资产主表!$B$5:$B$106,A5,资产主表!$D$5:$D$106,"P0") -> 2 | D5: =COUNTIFS(资产主表!$B$5:$B$106,A5,资产主表!$D$5:$D$106,"P1") -> 2 | E5: 生产记录总量 | F5: =COUNTA(资产主表!$A$5:$A$106) -> 102 | G5: 已完成 | H5: 含14条REL关系记录
A6: CST | B6: =COUNTIF(资产主表!$B$5:$B$106,A6) -> 14 | C6: =COUNTIFS(资产主表!$B$5:$B$106,A6,资产主表!$D$5:$D$106,"P0") -> 3 | D6: =COUNTIFS(资产主表!$B$5:$B$106,A6,资产主表!$D$5:$D$106,"P1") -> 11 | E6: 视觉/声音生产资产 | F6: =F5-COUNTIF(资产主表!$B$5:$B$106,"REL") -> 88 | G6: 已完成 | H6: 不含REL
A7: VOI | B7: =COUNTIF(资产主表!$B$5:$B$106,A7) -> 3 | C7: =COUNTIFS(资产主表!$B$5:$B$106,A7,资产主表!$D$5:$D$106,"P0") -> 1 | D7: =COUNTIFS(资产主表!$B$5:$B$106,A7,资产主表!$D$5:$D$106,"P1") -> 2 | E7: 待主创确认项 | F7: =COUNTIF(主创确认!$F$5:$F$18,"待主创确认") -> 10 | G7: 待确认 | H7: 确认后锁定v1.0
A8: SCN | B8: =COUNTIF(资产主表!$B$5:$B$106,A8) -> 13 | C8: =COUNTIFS(资产主表!$B$5:$B$106,A8,资产主表!$D$5:$D$106,"P0") -> 4 | D8: =COUNTIFS(资产主表!$B$5:$B$106,A8,资产主表!$D$5:$D$106,"P1") -> 7 | E8: 场景数量 | F8: =COUNTIF(资产主表!$B$5:$B$106,"SCN") -> 13 | G8: 视图待确认 | H8: 详见场景视图表
A9: LGT | B9: =COUNTIF(资产主表!$B$5:$B$106,A9) -> 10 | C9: =COUNTIFS(资产主表!$B$5:$B$106,A9,资产主表!$D$5:$D$106,"P0") -> 5 | D9: =COUNTIFS(资产主表!$B$5:$B$106,A9,资产主表!$D$5:$D$106,"P1") -> 5 | E9: 生产包数量 | F9: =COUNTA(生产包!$A$5:$A$13) -> 9 | G9: 已规划 | H9: PKG-01至PKG-09
A10: PRP | B10: =COUNTIF(资产主表!$B$5:$B$106,A10) -> 10 | C10: =COUNTIFS(资产主表!$B$5:$B$106,A10,资产主表!$D$5:$D$106,"P0") -> 2 | D10: =COUNTIFS(资产主表!$B$5:$B$106,A10,资产主表!$D$5:$D$106,"P1") -> 7
A11: VFX | B11: =COUNTIF(资产主表!$B$5:$B$106,A11) -> 10 | C11: =COUNTIFS(资产主表!$B$5:$B$106,A11,资产主表!$D$5:$D$106,"P0") -> 5 | D11: =COUNTIFS(资产主表!$B$5:$B$106,A11,资产主表!$D$5:$D$106,"P1") -> 4
A12: CRO | B12: =COUNTIF(资产主表!$B$5:$B$106,A12) -> 6 | C12: =COUNTIFS(资产主表!$B$5:$B$106,A12,资产主表!$D$5:$D$106,"P0") -> 1 | D12: =COUNTIFS(资产主表!$B$5:$B$106,A12,资产主表!$D$5:$D$106,"P1") -> 3
A13: SYM | B13: =COUNTIF(资产主表!$B$5:$B$106,A13) -> 2 | C13: =COUNTIFS(资产主表!$B$5:$B$106,A13,资产主表!$D$5:$D$106,"P0") -> 1 | D13: =COUNTIFS(资产主表!$B$5:$B$106,A13,资产主表!$D$5:$D$106,"P1") -> 1
A14: SND | B14: =COUNTIF(资产主表!$B$5:$B$106,A14) -> 16 | C14: =COUNTIFS(资产主表!$B$5:$B$106,A14,资产主表!$D$5:$D$106,"P0") -> 7 | D14: =COUNTIFS(资产主表!$B$5:$B$106,A14,资产主表!$D$5:$D$106,"P1") -> 8
A15: REL | B15: =COUNTIF(资产主表!$B$5:$B$106,A15) -> 14 | C15: =COUNTIFS(资产主表!$B$5:$B$106,A15,资产主表!$D$5:$D$106,"P0") -> 10 | D15: =COUNTIFS(资产主表!$B$5:$B$106,A15,资产主表!$D$5:$D$106,"P1") -> 4

Sheet 资产主表
A1: 资产统计主表
A2: 《阿修罗》阶段1｜v0.9（主创确认前）｜生成日期 2026-07-12
A4: 生产资产ID | B4: 资产类型 | C4: 资产名称 | D4: 资产级别 | E4: 剧本出处 | F4: 关联场次或段落 | G4: 基础描述 | H4: 补全设计信息 | I4: 状态变体 | J4: 材质结构或声音特点 | K4: 光影或环境要求 | L4: 使用或生成需求 | M4: 可复用范围 | N4: 信息来源 | O4: 确认状态 | P4: 阶段2处理建议
A5: ASR-CHR-P0-001-女主基础身份 | B5: CHR | C5: 女主基础身份 | D5: P0 | E5: 03-05、09-10、12-13、17-19、21-30 | F5: 镜头03-05、09-10、12-13、17-19、21-30 | G5: 跨千年同一面部身份；真实皮肤、克制表演、稳定手部锚点 | H5: 跨千年同一面部身份；真实皮肤、克制表演、稳定手部锚点；详见《资产卡索引》对应ID | I5: 按资产卡要求生成基础态与必要关系切片 | J5: 真人写实、真实物理材质、低饱和；跨千年同一面部身份；真实皮肤、克制表演、稳定手部锚点 | K5: 继承所属场景已确认光影；不得临时创造神光或高饱和环境 | L5: 阶段2制作角色基础资产标准资产、必要视图/状态/声音样本与验证切片 | M5: 镜头03-05、09-10、12-13、17-19、21-30 | N5: 剧本明确;项目锁定;创作者建议 | O5: 待主创确认 | P5: 进入第一批或随P0共同依赖包制作；先验证后批量
A6: ASR-CHR-P0-002-佛非正面存在 | B6: CHR | C6: 佛非正面存在 | D6: P0 | E6: 07、11、15、29 | F6: 镜头07、11、15、29 | G6: 仅袈裟边缘、肩线、垂手和听众朝向；禁止正脸与私人凝视 | H6: 仅袈裟边缘、肩线、垂手和听众朝向；禁止正脸与私人凝视；详见《资产卡索引》对应ID | I6: 按资产卡要求生成基础态与必要关系切片 | J6: 真人写实、真实物理材质、低饱和；仅袈裟边缘、肩线、垂手和听众朝向；禁止正脸与私人凝视 | K6: 继承所属场景已确认光影；不得临时创造神光或高饱和环境 | L6: 阶段2制作角色基础资产标准资产、必要视图/状态/声音样本与验证切片 | M6: 镜头07、11、15、29 | N6: 剧本明确;项目锁定;创作者建议 | O6: 建议采用 | P6: 进入第一批或随P0共同依赖包制作；先验证后批量
A7: ASR-CHR-P1-003-轮回爱人模糊身份 | B7: CHR | C7: 轮回爱人模糊身份 | D7: P1 | E7: 22、27 | F7: 镜头22、27 | G7: 局部人影与手部；不抢女主身份 | H7: 局部人影与手部；不抢女主身份；详见《资产卡索引》对应ID | I7: 按资产卡要求生成基础态与必要关系切片 | J7: 真人写实、真实物理材质、低饱和；局部人影与手部；不抢女主身份 | K7: 继承所属场景已确认光影；不得临时创造神光或高饱和环境 | L7: 阶段2制作角色基础资产标准资产、必要视图/状态/声音样本与验证切片 | M7: 镜头22、27 | N7: 剧本明确;项目锁定;创作者建议 | O7: 建议采用 | P7: 随对应P0资产或第二批生产包制作
A8: ASR-CHR-P1-004-被取代女子 | B8: CHR | C8: 被取代女子 | D8: P1 | E8: 23 | F8: 镜头23 | G8: 局部侧影与递簪手部；不妖魔化情敌 | H8: 局部侧影与递簪手部；不妖魔化情敌；详见《资产卡索引》对应ID | I8: 按资产卡要求生成基础态与必要关系切片 | J8: 真人写实、真实物理材质、低饱和；局部侧影与递簪手部；不妖魔化情敌 | K8: 继承所属场景已确认光影；不得临时创造神光或高饱和环境 | L8: 阶段2制作角色基础资产标准资产、必要视图/状态/声音样本与验证切片 | M8: 镜头23 | N8: 剧本明确;项目锁定;创作者建议 | O8: 建议采用 | P8: 随对应P0资产或第二批生产包制作
A9: ASR-CST-P0-001-女主佛国比丘尼基础 | B9: CST | C9: 女主佛国比丘尼基础 | D9: P0 | E9: 03-05、09-10、12-13、17-19 | F9: 镜头03-05、09-10、12-13、17-19 | G9: 简净低反光天然织物；盘坐与拨珠衣褶真实 | H9: 简净低反光天然织物；盘坐与拨珠衣褶真实；详见《资产卡索引》对应ID | I9: 继承女主基础身份的独立状态变体 | J9: 真人写实、真实物理材质、低饱和；简净低反光天然织物；盘坐与拨珠衣褶真实 | K9: 继承所属场景已确认光影；不得临时创造神光或高饱和环境 | L9: 阶段2制作服装/状态变体标准资产、必要视图/状态/声音样本与验证切片 | M9: 对应轮回镜头组 | N9: 剧本明确;项目锁定;合理推断 | O9: 待主创确认 | P9: 进入第一批或随P0共同依赖包制作；先验证后批量
A10: ASR-CST-P0-002-女主被照见眼润状态 | B10: CST | C10: 女主被照见眼润状态 | D10: P0 | E10: 09-12、17 | F10: 镜头09-12、17 | G10: 睫毛轻颤、瞳孔轻收、唇线微松、眼润无泪落 | H10: 睫毛轻颤、瞳孔轻收、唇线微松、眼润无泪落；详见《资产卡索引》对应ID | I10: 继承女主基础身份的独立状态变体 | J10: 真人写实、真实物理材质、低饱和；睫毛轻颤、瞳孔轻收、唇线微松、眼润无泪落 | K10: 继承所属场景已确认光影；不得临时创造神光或高饱和环境 | L10: 阶段2制作服装/状态变体标准资产、必要视图/状态/声音样本与验证切片 | M10: 对应轮回镜头组 | N10: 剧本明确;项目锁定;合理推断 | O10: 建议采用 | P10: 进入第一批或随P0共同依赖包制作；先验证后批量
A11: ASR-CST-P1-003-女主王府少女 | B11: CST | C11: 女主王府少女 | D11: P1 | E11: 21 | F11: 镜头21 | G11: 深院人群边缘；抬眼复现佛国安宁 | H11: 深院人群边缘；抬眼复现佛国安宁；详见《资产卡索引》对应ID | I11: 继承女主基础身份的独立状态变体 | J11: 真人写实、真实物理材质、低饱和；深院人群边缘；抬眼复现佛国安宁 | K11: 继承所属场景已确认光影；不得临时创造神光或高饱和环境 | L11: 阶段2制作服装/状态变体标准资产、必要视图/状态/声音样本与验证切片 | M11: 对应轮回镜头组 | N11: 剧本明确;项目锁定;合理推断 | O11: 建议采用 | P11: 随对应P0资产或第二批生产包制作
A12: ASR-CST-P1-004-女主灯下相爱 | B12: CST | C12: 女主灯下相爱 | D12: P1 | E12: 22 | F12: 镜头22 | G12: 短暂真实温柔；手部相握；不做爱情MV | H12: 短暂真实温柔；手部相握；不做爱情MV；详见《资产卡索引》对应ID | I12: 继承女主基础身份的独立状态变体 | J12: 真人写实、真实物理材质、低饱和；短暂真实温柔；手部相握；不做爱情MV | K12: 继承所属场景已确认光影；不得临时创造神光或高饱和环境 | L12: 阶段2制作服装/状态变体标准资产、必要视图/状态/声音样本与验证切片 | M12: 对应轮回镜头组 | N12: 剧本明确;项目锁定;合理推断 | O12: 建议采用 | P12: 随对应P0资产或第二批生产包制作
A13: ASR-CST-P1-005-女主帘后目击 | B13: CST | C13: 女主帘后目击 | D13: P1 | E13: 23 | F13: 镜头23 | G13: 帘影后静止目击；无哭泣 | H13: 帘影后静止目击；无哭泣；详见《资产卡索引》对应ID | I13: 继承女主基础身份的独立状态变体 | J13: 真人写实、真实物理材质、低饱和；帘影后静止目击；无哭泣 | K13: 继承所属场景已确认光影；不得临时创造神光或高饱和环境 | L13: 阶段2制作服装/状态变体标准资产、必要视图/状态/声音样本与验证切片 | M13: 对应轮回镜头组 | N13: 剧本明确;项目锁定;合理推断 | O13: 建议采用 | P13: 随对应P0资产或第二批生产包制作
A14: ASR-CST-P1-006-女主妒恨执簪 | B14: CST | C14: 女主妒恨执簪 | D14: P1 | E14: 24 | F14: 镜头24 | G14: 指节发白、暗血色掌纹一闪；不魔化 | H14: 指节发白、暗血色掌纹一闪；不魔化；详见《资产卡索引》对应ID | I14: 继承女主基础身份的独立状态变体 | J14: 真人写实、真实物理材质、低饱和；指节发白、暗血色掌纹一闪；不魔化 | K14: 继承所属场景已确认光影；不得临时创造神光或高饱和环境 | L14: 阶段2制作服装/状态变体标准资产、必要视图/状态/声音样本与验证切片 | M14: 对应轮回镜头组 | N14: 剧本明确;项目锁定;合理推断 | O14: 建议采用 | P14: 随对应P0资产或第二批生产包制作
A15: ASR-CST-P1-007-女主宫廷掌权 | B15: CST | C15: 女主宫廷掌权 | D15: P1 | E15: 25 | F15: 镜头25 | G15: 垂帘高位仪式状态；权力来自空间 | H15: 垂帘高位仪式状态；权力来自空间；详见《资产卡索引》对应ID | I15: 继承女主基础身份的独立状态变体 | J15: 真人写实、真实物理材质、低饱和；垂帘高位仪式状态；权力来自空间 | K15: 继承所属场景已确认光影；不得临时创造神光或高饱和环境 | L15: 阶段2制作服装/状态变体标准资产、必要视图/状态/声音样本与验证切片 | M15: 对应轮回镜头组 | N15: 剧本明确;项目锁定;合理推断 | O15: 建议采用 | P15: 随对应P0资产或第二批生产包制作
... A106: ASR-REL-P1-014-群像秩序与去复制 | B106: REL | C106: 群像秩序与去复制 | D106: P1 | E106: 03、07、21、25、28-29 | F106: 镜头03、07、21、25、28-29 | G106: 统一秩序中保留真实个体差异 | H106: 统一秩序中保留真实个体差异；详见《资产卡索引》对应ID | I106: 不单独生成；作为下游约束 | J106: 连续性规则 | K106: 继承所属场景已确认光影；不得临时创造神光或高饱和环境 | L106: 写入阶段2资产Prompt检查项与阶段3调用规则 | M106: 全片相关资产 | N106: 剧本明确;项目锁定;连续性分析 | O106: 建议采用 | P106: 随对应P0资产或第二批生产包制作

Sheet 角色服装
A1: 角色与服装状态资产
A2: 《阿修罗》阶段1｜v0.9（主创确认前）｜生成日期 2026-07-12
A4: 生产资产ID | B4: 类型 | C4: 资产名称 | D4: 级别 | E4: 剧本出处 | F4: 设计摘要 | G4: 状态/变体 | H4: 确认状态 | I4: 阶段2建议
A5: ASR-CHR-P0-001-女主基础身份 | B5: CHR | C5: 女主基础身份 | D5: P0 | E5: 03-05、09-10、12-13、17-19、21-30 | F5: 跨千年同一面部身份；真实皮肤、克制表演、稳定手部锚点 | G5: 按资产卡要求生成基础态与必要关系切片 | H5: 待主创确认 | I5: 进入第一批或随P0共同依赖包制作；先验证后批量
A6: ASR-CHR-P0-002-佛非正面存在 | B6: CHR | C6: 佛非正面存在 | D6: P0 | E6: 07、11、15、29 | F6: 仅袈裟边缘、肩线、垂手和听众朝向；禁止正脸与私人凝视 | G6: 按资产卡要求生成基础态与必要关系切片 | H6: 建议采用 | I6: 进入第一批或随P0共同依赖包制作；先验证后批量
A7: ASR-CHR-P1-003-轮回爱人模糊身份 | B7: CHR | C7: 轮回爱人模糊身份 | D7: P1 | E7: 22、27 | F7: 局部人影与手部；不抢女主身份 | G7: 按资产卡要求生成基础态与必要关系切片 | H7: 建议采用 | I7: 随对应P0资产或第二批生产包制作
A8: ASR-CHR-P1-004-被取代女子 | B8: CHR | C8: 被取代女子 | D8: P1 | E8: 23 | F8: 局部侧影与递簪手部；不妖魔化情敌 | G8: 按资产卡要求生成基础态与必要关系切片 | H8: 建议采用 | I8: 随对应P0资产或第二批生产包制作
A9: ASR-CST-P0-001-女主佛国比丘尼基础 | B9: CST | C9: 女主佛国比丘尼基础 | D9: P0 | E9: 03-05、09-10、12-13、17-19 | F9: 简净低反光天然织物；盘坐与拨珠衣褶真实 | G9: 继承女主基础身份的独立状态变体 | H9: 待主创确认 | I9: 进入第一批或随P0共同依赖包制作；先验证后批量
A10: ASR-CST-P0-002-女主被照见眼润状态 | B10: CST | C10: 女主被照见眼润状态 | D10: P0 | E10: 09-12、17 | F10: 睫毛轻颤、瞳孔轻收、唇线微松、眼润无泪落 | G10: 继承女主基础身份的独立状态变体 | H10: 建议采用 | I10: 进入第一批或随P0共同依赖包制作；先验证后批量
A11: ASR-CST-P1-003-女主王府少女 | B11: CST | C11: 女主王府少女 | D11: P1 | E11: 21 | F11: 深院人群边缘；抬眼复现佛国安宁 | G11: 继承女主基础身份的独立状态变体 | H11: 建议采用 | I11: 随对应P0资产或第二批生产包制作
A12: ASR-CST-P1-004-女主灯下相爱 | B12: CST | C12: 女主灯下相爱 | D12: P1 | E12: 22 | F12: 短暂真实温柔；手部相握；不做爱情MV | G12: 继承女主基础身份的独立状态变体 | H12: 建议采用 | I12: 随对应P0资产或第二批生产包制作
A13: ASR-CST-P1-005-女主帘后目击 | B13: CST | C13: 女主帘后目击 | D13: P1 | E13: 23 | F13: 帘影后静止目击；无哭泣 | G13: 继承女主基础身份的独立状态变体 | H13: 建议采用 | I13: 随对应P0资产或第二批生产包制作
A14: ASR-CST-P1-006-女主妒恨执簪 | B14: CST | C14: 女主妒恨执簪 | D14: P1 | E14: 24 | F14: 指节发白、暗血色掌纹一闪；不魔化 | G14: 继承女主基础身份的独立状态变体 | H14: 建议采用 | I14: 随对应P0资产或第二批生产包制作
A15: ASR-CST-P1-007-女主宫廷掌权 | B15: CST | C15: 女主宫廷掌权 | D15: P1 | E15: 25 | F15: 垂帘高位仪式状态；权力来自空间 | G15: 继承女主基础身份的独立状态变体 | H15: 建议采用 | I15: 随对应P0资产或第二批生产包制作
... A22: ASR-CST-P0-014-女主佛前归来 | B22: CST | C22: 女主佛前归来 | D22: P0 | E22: 29 | F22: 最初面部身份；接叶、轻笑、合掌；叶片完好 | G22: 继承女主基础身份的独立状态变体 | H22: 建议采用 | I22: 进入第一批或随P0共同依赖包制作；先验证后批量

Sheet 人物声音
A1: 人物与群体声音资产
A2: 《阿修罗》阶段1｜v0.9（主创确认前）｜生成日期 2026-07-12
A4: 生产资产ID | B4: 类型 | C4: 资产名称 | D4: 级别 | E4: 剧本出处 | F4: 设计摘要 | G4: 状态/变体 | H4: 确认状态 | I4: 阶段2建议
A5: ASR-VOI-P0-001-女主千年同声纹 | B5: VOI | C5: 女主千年同声纹 | D5: P0 | E5: 05、10、19、29、30 | F5: 中低至中音域，清冷克制；VO与轻口型同声纹 | G5: 按资产卡要求生成基础态与必要关系切片 | H5: 待外部回流 | I5: 进入第一批或随P0共同依赖包制作；先验证后批量
A6: ASR-VOI-P1-002-佛远讲经声 | B6: VOI | C6: 佛远讲经声 | D6: P1 | E6: 07、11 | F6: 隔距离，只听节律不清句子；无表演腔 | G6: 按资产卡要求生成基础态与必要关系切片 | H6: 建议采用 | I6: 随对应P0资产或第二批生产包制作
A7: ASR-VOI-P1-003-众声低诵与问句 | B7: VOI | C7: 众声低诵与问句 | D7: P1 | E7: 28-29 | F7: 多声压成模糊问句与低诵；不突出单人 | G7: 按资产卡要求生成基础态与必要关系切片 | H7: 建议采用 | I7: 随对应P0资产或第二批生产包制作

Sheet 场景
A1: 场景与地点资产
A2: 《阿修罗》阶段1｜v0.9（主创确认前）｜生成日期 2026-07-12
A4: 生产资产ID | B4: 类型 | C4: 资产名称 | D4: 级别 | E4: 剧本出处 | F4: 设计摘要 | G4: 状态/变体 | H4: 确认状态 | I4: 阶段2建议
A5: ASR-SCN-P0-001-佛国远山寺宇 | B5: SCN | C5: 佛国远山寺宇 | D5: P0 | E5: 02、18 | F5: 真实山雾与低对比寺宇；天空占大部；无仙境神迹 | G5: 按资产卡要求生成基础态与必要关系切片 | H5: 视图待确认 | I5: 进入第一批或随P0共同依赖包制作；先验证后批量
A6: ASR-SCN-P0-002-殿内修行空间 | B6: SCN | C6: 殿内修行空间 | D6: P0 | E6: 03-05、10-13、15、17-19 | F6: 女主偏后、比丘尼前侧、殿门通庭院；固定客观轴线 | G6: 按资产卡要求生成基础态与必要关系切片 | H6: 视图待确认 | I6: 进入第一批或随P0共同依赖包制作；先验证后批量
A7: ASR-SCN-P0-003-殿门庭院树下讲经一体场景 | B7: SCN | C7: 殿门庭院树下讲经一体场景 | D7: P0 | E7: 06-08、11、14-16、18 | F7: 门槛、庭院、树、讲经区与远山沿同一空间轴线 | G7: 按资产卡要求生成基础态与必要关系切片 | H7: 视图待确认 | I7: 进入第一批或随P0共同依赖包制作；先验证后批量
A8: ASR-SCN-P1-004-黑暗掌心空间 | B8: SCN | C8: 黑暗掌心空间 | D8: P1 | E8: 19 | F8: 近黑，只读出手、念珠和极弱反光 | G8: 按资产卡要求生成基础态与必要关系切片 | H8: 视图待确认 | I8: 随对应P0资产或第二批生产包制作
A9: ASR-SCN-P1-005-王府深院 | B9: SCN | C9: 王府深院 | D9: P1 | E9: 21 | F9: 人群边缘与越众目光方向明确 | G9: 按资产卡要求生成基础态与必要关系切片 | H9: 视图待确认 | I9: 随对应P0资产或第二批生产包制作
A10: ASR-SCN-P1-006-灯下内室 | B10: SCN | C10: 灯下内室 | D10: P1 | E10: 22 | F10: 手部相握与不完整人影；亲密而克制 | G10: 按资产卡要求生成基础态与必要关系切片 | H10: 视图待确认 | I10: 随对应P0资产或第二批生产包制作
A11: ASR-SCN-P1-007-帘后目击空间 | B11: SCN | C11: 帘后目击空间 | D11: P1 | E11: 23 | F11: 帘影分隔女主与递簪动作；正反方向明确 | G11: 按资产卡要求生成基础态与必要关系切片 | H11: 视图待确认 | I11: 随对应P0资产或第二批生产包制作
A12: ASR-SCN-P1-008-宫廷垂帘大殿 | B12: SCN | C12: 宫廷垂帘大殿 | D12: P1 | E12: 25-26 | F12: 高位、垂帘、群臣和通道形成真实尺度 | G12: 按资产卡要求生成基础态与必要关系切片 | H12: 视图待确认 | I12: 随对应P0资产或第二批生产包制作
A13: ASR-SCN-P1-009-宫门告别空间 | B13: SCN | C13: 宫门告别空间 | D13: P1 | E13: 27 | F13: 门内外轴线和人物被带离路径明确 | G13: 按资产卡要求生成基础态与必要关系切片 | H13: 视图待确认 | I13: 随对应P0资产或第二批生产包制作
A14: ASR-SCN-P1-010-风雪反噬空间 | B14: SCN | C14: 风雪反噬空间 | D14: P1 | E14: 27 | F14: 风雪与火光短促叠化环境 | G14: 按资产卡要求生成基础态与必要关系切片 | H14: 视图待确认 | I14: 随对应P0资产或第二批生产包制作
A15: ASR-SCN-P2-011-空床内室 | B15: SCN | C15: 空床内室 | D15: P2 | E15: 27 | F15: 单一空床，冷暗无人，短促叠化 | G15: 按资产卡要求生成基础态与必要关系切片 | H15: 视图待确认 | I15: 主资产通过后按镜头缺口后置制作
... A17: ASR-SCN-P2-013-流放长路 | B17: SCN | C17: 流放长路 | D17: P2 | E17: 28 | F17: 风尘长路、低细节远景、短曝光 | G17: 按资产卡要求生成基础态与必要关系切片 | H17: 视图待确认 | I17: 主资产通过后按镜头缺口后置制作

Sheet 光影
A1: 场景光影状态
A2: 《阿修罗》阶段1｜v0.9（主创确认前）｜生成日期 2026-07-12
A4: 生产资产ID | B4: 类型 | C4: 资产名称 | D4: 级别 | E4: 剧本出处 | F4: 设计摘要 | G4: 状态/变体 | H4: 确认状态 | I4: 阶段2建议
A5: ASR-LGT-P0-001-佛国山雾漫射 | B5: LGT | C5: 佛国山雾漫射 | D5: P0 | E5: 02、18 | F5: 大面积柔和天空光；真实低对比 | G5: 所属场景光影变体 | H5: 建议采用 | I5: 进入第一批或随P0共同依赖包制作；先验证后批量
A6: ASR-LGT-P0-002-殿内光柱边缘 | B6: LGT | C6: 殿内光柱边缘 | D6: P0 | E6: 03、06、09-10 | F6: 光柱来自殿门；女主处边缘，不使用追光 | G6: 所属场景光影变体 | H6: 建议采用 | I6: 进入第一批或随P0共同依赖包制作；先验证后批量
A7: ASR-LGT-P0-003-庭院树下常态漫射 | B7: LGT | C7: 庭院树下常态漫射 | D7: P0 | E7: 07、11、14-16 | F7: 佛与听众共享真实环境光 | G7: 所属场景光影变体 | H7: 建议采用 | I7: 进入第一批或随P0共同依赖包制作；先验证后批量
A8: ASR-LGT-P0-004-主观照见窄化光感 | B8: LGT | C8: 主观照见窄化光感 | D8: P0 | E8: 08-10 | F8: 不改客观光源，只收窄主观可见空间 | G8: 所属场景光影变体 | H8: 建议采用 | I8: 进入第一批或随P0共同依赖包制作；先验证后批量
A9: ASR-LGT-P1-005-黑暗掌心微光 | B9: LGT | C9: 黑暗掌心微光 | D9: P1 | E9: 19 | F9: 仅读出掌纹、念珠体积与材质 | G9: 所属场景光影变体 | H9: 建议采用 | I9: 随对应P0资产或第二批生产包制作
A10: ASR-LGT-P1-006-王府深院低饱和光 | B10: LGT | C10: 王府深院低饱和光 | D10: P1 | E10: 21 | F10: 自然环境光；目光不表现为光束 | G10: 所属场景光影变体 | H10: 建议采用 | I10: 随对应P0资产或第二批生产包制作
A11: ASR-LGT-P1-007-灯下短暂柔光 | B11: LGT | C11: 灯下短暂柔光 | D11: P1 | E11: 22 | F11: 实景灯火短暂柔化肤质，仍低饱和 | G11: 所属场景光影变体 | H11: 建议采用 | I11: 随对应P0资产或第二批生产包制作
A12: ASR-LGT-P1-008-宫廷垂帘高位光 | B12: LGT | C12: 宫廷垂帘高位光 | D12: P1 | E12: 25-26 | F12: 高位可读、群臣压暗；旧金仅作弱时代色 | G12: 所属场景光影变体 | H12: 建议采用 | I12: 随对应P0资产或第二批生产包制作
A13: ASR-LGT-P1-009-火光风雪叠化 | B13: LGT | C13: 火光风雪叠化 | D13: P1 | E13: 27 | F13: 真实火光与蓝灰风雪短促交叠 | G13: 所属场景光影变体 | H13: 建议采用 | I13: 随对应P0资产或第二批生产包制作
A14: ASR-LGT-P0-010-佛前归来剪影光 | B14: LGT | C14: 佛前归来剪影光 | D14: P0 | E14: 29 | F14: 真实逆向环境光形成肩线和听众层次 | G14: 所属场景光影变体 | H14: 建议采用 | I14: 进入第一批或随P0共同依赖包制作；先验证后批量

Sheet 道具
A1: 道具资产
A2: 《阿修罗》阶段1｜v0.9（主创确认前）｜生成日期 2026-07-12
A4: 生产资产ID | B4: 类型 | C4: 资产名称 | D4: 级别 | E4: 剧本出处 | F4: 设计摘要 | G4: 状态/变体 | H4: 确认状态 | I4: 阶段2建议
A5: ASR-PRP-P0-001-灰白念珠 | B5: PRP | C5: 灰白念珠 | D5: P0 | E5: 01、03-04、13、18-19 | F5: 哑光、真实重量与柔性线；稳定、停住、握住、逆拨 | G5: 按资产卡要求生成基础态与必要关系切片 | H5: 待主创确认 | I5: 进入第一批或随P0共同依赖包制作；先验证后批量
A6: ASR-PRP-P1-002-真实烛火 | B6: PRP | C6: 真实烛火 | D6: P1 | E6: 01 | F6: 单一真实灯芯火焰与一次轻爆裂；无神光 | G6: 按资产卡要求生成基础态与必要关系切片 | H6: 建议采用 | I6: 随对应P0资产或第二批生产包制作
A7: ASR-PRP-P0-003-青绿落叶 | B7: PRP | C7: 青绿落叶 | D7: P0 | E7: 14、16-17、20、29 | F7: 冷灰青绿、真实叶脉、湿润感；全片唯一明确生命色 | G7: 按资产卡要求生成基础态与必要关系切片 | H7: 待主创确认 | I7: 进入第一批或随P0共同依赖包制作；先验证后批量
A8: ASR-PRP-P1-004-发簪 | B8: PRP | C8: 发簪 | D8: P1 | E8: 23-24 | F8: 克制长簪、低反光；递交和握掌形制一致 | G8: 按资产卡要求生成基础态与必要关系切片 | H8: 建议采用 | I8: 随对应P0资产或第二批生产包制作
A9: ASR-PRP-P1-005-帘幕 | B9: PRP | C9: 帘幕 | D9: P1 | E9: 23、25 | F9: 真实织物重力与遮挡；不仙侠飘动 | G9: 按资产卡要求生成基础态与必要关系切片 | H9: 建议采用 | I9: 随对应P0资产或第二批生产包制作
A10: ASR-PRP-P1-006-毒酒杯 | B10: PRP | C10: 毒酒杯 | D10: P1 | E10: 26 | F10: 可单手平推；不以异色液体提示毒性 | G10: 按资产卡要求生成基础态与必要关系切片 | H10: 建议采用 | I10: 随对应P0资产或第二批生产包制作
A11: ASR-PRP-P1-007-处置诏书 | B11: PRP | C11: 处置诏书 | D11: P1 | E11: 26 | F11: 可落印；文字不可读；无真实姓名 | G11: 按资产卡要求生成基础态与必要关系切片 | H11: 建议采用 | I11: 随对应P0资产或第二批生产包制作
A12: ASR-PRP-P1-008-印章 | B12: PRP | C12: 印章 | D12: P1 | E12: 26 | F12: 真实重量与冲击；印面虚构不可读 | G12: 按资产卡要求生成基础态与必要关系切片 | H12: 建议采用 | I12: 随对应P0资产或第二批生产包制作
A13: ASR-PRP-P1-009-白绫 | B13: PRP | C13: 白绫 | D13: P1 | E13: 28 | F13: 真实织物重力与下垂；不展示伤害 | G13: 按资产卡要求生成基础态与必要关系切片 | H13: 建议采用 | I13: 随对应P0资产或第二批生产包制作
A14: ASR-PRP-P2-010-刀锋 | B14: PRP | C14: 刀锋 | D14: P2 | E14: 28 | F14: 冷硬局部反光；不见伤口 | G14: 按资产卡要求生成基础态与必要关系切片 | H14: 建议采用 | I14: 主资产通过后按镜头缺口后置制作

Sheet VFX群演文字
A1: VFX、群演与文字资产
A2: 《阿修罗》阶段1｜v0.9（主创确认前）｜生成日期 2026-07-12
A4: 生产资产ID | B4: 类型 | C4: 资产名称 | D4: 级别 | E4: 剧本出处 | F4: 设计摘要 | G4: 状态/变体 | H4: 确认状态 | I4: 阶段2建议
A5: ASR-VFX-P0-001-主观生理真实目光 | B5: VFX | C5: 主观生理真实目光 | D5: P0 | E5: 08 | F5: 真实眼睛、极安静、无暧昧；女主主观感受 | G5: 按资产卡要求生成基础态与必要关系切片 | H5: 建议采用 | I5: 进入第一批或随P0共同依赖包制作；先验证后批量
A6: ASR-VFX-P0-002-群体失焦我之诞生 | B6: VFX | C6: 群体失焦我之诞生 | D6: P0 | E6: 10-12 | F6: 女主清晰、群体逐步失焦并可恢复 | G6: 按资产卡要求生成基础态与必要关系切片 | H6: 建议采用 | I6: 进入第一批或随P0共同依赖包制作；先验证后批量
A7: ASR-VFX-P0-003-青绿落叶慢速下沉 | B7: VFX | C7: 青绿落叶慢速下沉 | D7: P0 | E7: 16 | F7: 只改变高度，无发光与旋转炫技 | G7: 按资产卡要求生成基础态与必要关系切片 | H7: 建议采用 | I7: 进入第一批或随P0共同依赖包制作；先验证后批量
A8: ASR-VFX-P0-004-心远空间层退 | B8: VFX | C8: 心远空间层退 | D8: P0 | E8: 18 | F8: 女主不缩小不坠落；空间逐层远离褪色 | G8: 按资产卡要求生成基础态与必要关系切片 | H8: 建议采用 | I8: 进入第一批或随P0共同依赖包制作；先验证后批量
A9: ASR-VFX-P1-005-片名落叶影转手 | B9: VFX | C9: 片名落叶影转手 | D9: P1 | E9: 20-21 | F9: 叶影下沉并连续接入人间伸手 | G9: 按资产卡要求生成基础态与必要关系切片 | H9: 建议采用 | I9: 随对应P0资产或第二批生产包制作
A10: ASR-VFX-P1-006-掌纹暗血色一闪 | B10: VFX | C10: 掌纹暗血色一闪 | D10: P1 | E10: 24 | F10: 极暗低饱和红仅在掌纹一闪 | G10: 按资产卡要求生成基础态与必要关系切片 | H10: 建议采用 | I10: 随对应P0资产或第二批生产包制作
A11: ASR-VFX-P1-007-火光风雪空床叠化 | B11: VFX | C11: 火光风雪空床叠化 | D11: P1 | E11: 27 | F11: 三种后果短促叠化，人物边缘稳定 | G11: 按资产卡要求生成基础态与必要关系切片 | H11: 建议采用 | I11: 随对应P0资产或第二批生产包制作
A12: ASR-VFX-P1-008-多世死亡叠闪 | B12: VFX | C12: 多世死亡叠闪 | D12: P1 | E12: 28 | F12: 白绫、流放、刀锋、千夫所指连续闪过 | G12: 按资产卡要求生成基础态与必要关系切片 | H12: 建议采用 | I12: 随对应P0资产或第二批生产包制作
A13: ASR-VFX-P0-009-轮回动作匹配切系统 | B13: VFX | C13: 轮回动作匹配切系统 | D13: P0 | E13: 20-29 | F13: 手、发簪、掌心、酒杯、印章、落叶方向一致 | G13: 按资产卡要求生成基础态与必要关系切片 | H13: 建议采用 | I13: 进入第一批或随P0共同依赖包制作；先验证后批量
A14: ASR-VFX-P2-010-黑中烛火渐显 | B14: VFX | C14: 黑中烛火渐显 | D14: P2 | E14: 01 | F14: 纯黑后真实烛火缓慢显出，无粒子光晕 | G14: 按资产卡要求生成基础态与必要关系切片 | H14: 建议采用 | I14: 主资产通过后按镜头缺口后置制作
A15: ASR-CRO-P0-001-比丘尼群像 | B15: CRO | C15: 比丘尼群像 | D15: P0 | E15: 03、10、12-13、15 | F15: 统一坐姿与拨珠节律；个体差异避免同脸 | G15: 按资产卡要求生成基础态与必要关系切片 | H15: 建议采用 | I15: 进入第一批或随P0共同依赖包制作；先验证后批量
... A22: ASR-SYM-P1-002-诏书与印面不可读文字规范 | B22: SYM | C22: 诏书与印面不可读文字规范 | D22: P1 | E22: 26 | F22: 虚构笔画与印面；不可辨具体字与政权 | G22: 按资产卡要求生成基础态与必要关系切片 | H22: 建议采用 | I22: 随对应P0资产或第二批生产包制作

Sheet 声音母题
A1: 声音母题资产
A2: 《阿修罗》阶段1｜v0.9（主创确认前）｜生成日期 2026-07-12
A4: 生产资产ID | B4: 类型 | C4: 资产名称 | D4: 级别 | E4: 剧本出处 | F4: 设计摘要 | G4: 状态/变体 | H4: 确认状态 | I4: 阶段2建议
A5: ASR-SND-P0-001-念珠秩序节律 | B5: SND | C5: 念珠秩序节律 | D5: P0 | E5: 01、03-04、13、18-19 | F5: 干燥真实珠声；支持规律、缺拍、逆拨和闷响 | G5: 按镜头距离、强度和节律生成可调用变体 | H5: 建议采用 | I5: 进入第一批或随P0共同依赖包制作；先验证后批量
A6: ASR-SND-P0-002-木鱼节律 | B6: SND | C6: 木鱼节律 | D6: P0 | E6: 03、11、14-15、25 | F6: 稳定修行节拍；可少一拍和中断半拍 | G6: 按镜头距离、强度和节律生成可调用变体 | H6: 建议采用 | I6: 进入第一批或随P0共同依赖包制作；先验证后批量
A7: ASR-SND-P0-003-梵呗秩序 | B7: SND | C7: 梵呗秩序 | D7: P0 | E7: 03、08、15、18 | F7: 场内群体低诵；可变薄、拉远、恢复 | G7: 按镜头距离、强度和节律生成可调用变体 | H7: 建议采用 | I7: 进入第一批或随P0共同依赖包制作；先验证后批量
A8: ASR-SND-P1-004-远磬 | B8: SND | C8: 远磬 | D8: P1 | E8: 06、20 | F8: 一次真实磬声；尾音可被心跳切断 | G8: 按镜头距离、强度和节律生成可调用变体 | H8: 建议采用 | I8: 随对应P0资产或第二批生产包制作
A9: ASR-SND-P1-005-佛国松涛风声 | B9: SND | C9: 佛国松涛风声 | D9: P1 | E9: 02 | F9: 远淡真实；不做仙境风铃 | G9: 按镜头距离、强度和节律生成可调用变体 | H9: 建议采用 | I9: 随对应P0资产或第二批生产包制作
A10: ASR-SND-P0-006-呼吸母题 | B10: SND | C10: 呼吸母题 | D10: P0 | E10: 05、08-09、12、17、22、27 | F10: 对齐、慢半拍、贴耳三个状态可区分 | G10: 按镜头距离、强度和节律生成可调用变体 | H10: 建议采用 | I10: 进入第一批或随P0共同依赖包制作；先验证后批量
A11: ASR-SND-P1-007-水滴深井 | B11: SND | C11: 水滴深井 | D11: P1 | E11: 12、16 | F11: 单滴、纵深长，扩散后回归寂静 | G11: 按镜头距离、强度和节律生成可调用变体 | H11: 建议采用 | I11: 随对应P0资产或第二批生产包制作
A12: ASR-SND-P0-008-声音中断与少一拍 | B12: SND | C12: 声音中断与少一拍 | D12: P0 | E12: 01、13-15、29 | F12: 秩序裂缝；不依赖持续低频 | G12: 按镜头距离、强度和节律生成可调用变体 | H12: 建议采用 | I12: 进入第一批或随P0共同依赖包制作；先验证后批量
A13: ASR-SND-P0-009-人间心跳 | B13: SND | C13: 人间心跳 | D13: P0 | E13: 20-29 | F13: 片名后首次清晰，轮回段加速但不持续轰鸣 | G13: 按镜头距离、强度和节律生成可调用变体 | H13: 建议采用 | I13: 进入第一批或随P0共同依赖包制作；先验证后批量
A14: ASR-SND-P1-010-衣料摩擦 | B14: SND | C14: 衣料摩擦 | D14: P1 | E14: 17、21、25 | F14: 握紧与群臣伏地所需的真实织物声 | G14: 按镜头距离、强度和节律生成可调用变体 | H14: 建议采用 | I14: 随对应P0资产或第二批生产包制作
A15: ASR-SND-P1-011-弦乐完整句与断弦 | B15: SND | C15: 弦乐完整句与断弦 | D15: P1 | E15: 22、24 | F15: 镜头22场内短句；镜头24断弦；属性待确认 | G15: 按镜头距离、强度和节律生成可调用变体 | H15: 待主创确认 | I15: 随对应P0资产或第二批生产包制作
... A20: ASR-SND-P1-016-低鼓与伏地衣袍 | B20: SND | C20: 低鼓与伏地衣袍 | D20: P1 | E20: 25 | F20: 低鼓一记；衣袍伏地建立权力空间 | G20: 按镜头距离、强度和节律生成可调用变体 | H20: 建议采用 | I20: 随对应P0资产或第二批生产包制作

Sheet 连续性
A1: 资产关系与连续性
A2: 《阿修罗》阶段1｜v0.9（主创确认前）｜生成日期 2026-07-12
A4: 生产资产ID | B4: 类型 | C4: 资产名称 | D4: 级别 | E4: 剧本出处 | F4: 设计摘要 | G4: 状态/变体 | H4: 确认状态 | I4: 阶段2建议
A5: ASR-REL-P0-001-女主跨千年同一身份 | B5: REL | C5: 女主跨千年同一身份 | D5: P0 | E5: 03-29 | F5: 全部CST继承同一眼型、眉骨、唇形与面部比例 | G5: 不单独生成；作为下游约束 | H5: 建议采用 | I5: 进入第一批或随P0共同依赖包制作；先验证后批量
A6: ASR-REL-P0-002-女主念珠接触 | B6: REL | C6: 女主念珠接触 | D6: P0 | E6: 04、13、19 | F6: 手部比例、珠径、接触点与逆拨方向一致 | G6: 不单独生成；作为下游约束 | H6: 建议采用 | I6: 进入第一批或随P0共同依赖包制作；先验证后批量
A7: ASR-REL-P0-003-女主声纹连续 | B7: REL | C7: 女主声纹连续 | D7: P0 | E7: 05、10、19、29、30 | F7: VO、短句与片尾同一声纹 | G7: 不单独生成；作为下游约束 | H7: 建议采用 | I7: 进入第一批或随P0共同依赖包制作；先验证后批量
A8: ASR-REL-P0-004-佛非正面空间存在 | B8: REL | C8: 佛非正面空间存在 | D8: P0 | E8: 07、11、29 | F8: 佛不正面，不转头选择女主 | G8: 不单独生成；作为下游约束 | H8: 建议采用 | I8: 进入第一批或随P0共同依赖包制作；先验证后批量
A9: ASR-REL-P0-005-佛国客观空间轴线 | B9: REL | C9: 佛国客观空间轴线 | D9: P0 | E9: 02-18 | F9: 主观压缩后回到同一殿内—庭院—树下轴线 | G9: 不单独生成；作为下游约束 | H9: 建议采用 | I9: 进入第一批或随P0共同依赖包制作；先验证后批量
A10: ASR-REL-P0-006-树枝落叶来源 | B10: REL | C10: 树枝落叶来源 | D10: P0 | E10: 14-16 | F10: 同一叶形从真实枝端松开，枝条不回弹 | G10: 不单独生成；作为下游约束 | H10: 建议采用 | I10: 进入第一批或随P0共同依赖包制作；先验证后批量
A11: ASR-REL-P0-007-主观目光与客观佛对照 | B11: REL | C11: 主观目光与客观佛对照 | D11: P0 | E11: 08、11 | F11: 主观唯一感不能改写客观事实 | G11: 不单独生成；作为下游约束 | H11: 建议采用 | I11: 进入第一批或随P0共同依赖包制作；先验证后批量
A12: ASR-REL-P0-008-念珠秩序停顿逆拨 | B12: REL | C12: 念珠秩序停顿逆拨 | D12: P0 | E12: 01、04、13、19 | F12: 稳定—停住—握住—逆拨动作声一致 | G12: 不单独生成；作为下游约束 | H12: 建议采用 | I12: 进入第一批或随P0共同依赖包制作；先验证后批量
A13: ASR-REL-P0-009-青绿落叶全片连续 | B13: REL | C13: 青绿落叶全片连续 | D13: P0 | E13: 14、16、20、29 | F13: 叶形、色彩、叶脉与完好状态连续 | G13: 不单独生成；作为下游约束 | H13: 建议采用 | I13: 进入第一批或随P0共同依赖包制作；先验证后批量
A14: ASR-REL-P0-010-轮回动作接力 | B14: REL | C14: 轮回动作接力 | D14: P0 | E14: 20-29 | F14: 伸手—发簪—握掌—推杯—落印—合叶 | G14: 不单独生成；作为下游约束 | H14: 建议采用 | I14: 进入第一批或随P0共同依赖包制作；先验证后批量
A15: ASR-REL-P1-011-声音秩序到人间冲击 | B15: REL | C15: 声音秩序到人间冲击 | D15: P1 | E15: 01-30 | F15: 秩序—缺拍—心跳—撞击—绝对寂静 | G15: 不单独生成；作为下游约束 | H15: 建议采用 | I15: 随对应P0资产或第二批生产包制作
... A18: ASR-REL-P1-014-群像秩序与去复制 | B18: REL | C18: 群像秩序与去复制 | D18: P1 | E18: 03、07、21、25、28-29 | F18: 统一秩序中保留真实个体差异 | G18: 不单独生成；作为下游约束 | H18: 建议采用 | I18: 随对应P0资产或第二批生产包制作

Sheet 场景视图
A1: 场景视图需求与确认
A2: 《阿修罗》阶段1｜v0.9（主创确认前）｜生成日期 2026-07-12
A4: 场景生产资产ID | B4: 场景名称 | C4: 视图ID前缀 | D4: 视图需求等级建议 | E4: 建议原因 | F4: 母图是否必需 | G4: 指定必需视图 | H4: 建议补充视图 | I4: 是否建议标准五视图 | J4: 阶段3可能追加专项视图 | K4: 用户确认等级 | L4: 用户确认视图清单 | M4: 用户确认视图ID清单 | N4: 确认状态 | O4: 备注
A5: ASR-SCN-P0-001-佛国远山寺宇 | B5: 佛国远山寺宇 | C5: ASR-SCN-P0-001-V | D5: SV1 | E5: 远景建立为主，不发生完整反打 | F5: 是 | G5: MASTER; FRONT | H5: TOP | I5: 否 | J5: 高位远景 | N5: 待主创确认 | O5: 建议TOP仅作空间补全
A6: ASR-SCN-P0-002-殿内修行空间 | B6: 殿内修行空间 | C6: ASR-SCN-P0-002-V | D6: SV2 | E6: 主场景、多人物、特写与客观轴线恢复 | F6: 是 | G6: MASTER; FRONT; BACK; LEFT; RIGHT; TOP | I6: 是 | J6: 光柱边缘低机位; 女主手部位置 | N6: 待主创确认
A7: ASR-SCN-P0-003-殿门庭院树下讲经一体场景 | B7: 殿门庭院树下讲经一体场景 | C7: ASR-SCN-P0-003-V | D7: SV2 | E7: 殿内望外、听众、落叶源头与反打关系复杂 | F7: 是 | G7: MASTER; FRONT; BACK; LEFT; RIGHT; TOP | I7: 是 | J7: 殿内望外斜角; 树枝局部 | N7: 待主创确认
A8: ASR-SCN-P1-004-黑暗掌心空间 | B8: 黑暗掌心空间 | C8: ASR-SCN-P1-004-V | D8: SV0 | E8: 单方向近景 | F8: 是 | G8: MASTER | I8: 否 | J8: 掌心微距 | N8: 待主创确认
A9: ASR-SCN-P1-005-王府深院 | B9: 王府深院 | C9: ASR-SCN-P1-005-V | D9: SV1 | E9: 人群边缘与越众目光需要方向关系 | F9: 是 | G9: MASTER; FRONT; LEFT | I9: 否 | J9: 人群边缘中景 | N9: 待主创确认
A10: ASR-SCN-P1-006-灯下内室 | B10: 灯下内室 | C10: ASR-SCN-P1-006-V | D10: SV1 | E10: 双手相握与人影关系为主 | F10: 是 | G10: MASTER; FRONT | I10: 否 | J10: 手部桌面关系 | N10: 待主创确认
A11: ASR-SCN-P1-007-帘后目击空间 | B11: 帘后目击空间 | C11: ASR-SCN-P1-007-V | D11: SV1 | E11: 女主、帘与递簪需要正反方向 | F11: 是 | G11: MASTER; FRONT; BACK | I11: 否 | J11: 帘后主观角度 | N11: 待主创确认
A12: ASR-SCN-P1-008-宫廷垂帘大殿 | B12: 宫廷垂帘大殿 | C12: ASR-SCN-P1-008-V | D12: SV2 | E12: 高位、群臣、通道和垂帘形成复杂调度 | F12: 是 | G12: MASTER; FRONT; BACK; LEFT; RIGHT; TOP | I12: 是 | J12: 高位俯视; 案台近景 | N12: 待主创确认
A13: ASR-SCN-P1-009-宫门告别空间 | B13: 宫门告别空间 | C13: ASR-SCN-P1-009-V | D13: SV1 | E13: 门内外与带离方向明确 | F13: 是 | G13: MASTER; FRONT; BACK | I13: 否 | J13: 门缝局部 | N13: 待主创确认
A14: ASR-SCN-P1-010-风雪反噬空间 | B14: 风雪反噬空间 | C14: ASR-SCN-P1-010-V | D14: SV0 | E14: 短促环境叠化 | F14: 是 | G14: MASTER | I14: 否 | J14: 风雪人物半身 | N14: 待主创确认
A15: ASR-SCN-P2-011-空床内室 | B15: 空床内室 | C15: ASR-SCN-P2-011-V | D15: SV0 | E15: 单一短促叠化 | F15: 是 | G15: MASTER | I15: 否 | N15: 待主创确认
A16: ASR-SCN-P0-012-佛前归来空间 | B16: 佛前归来空间 | C16: ASR-SCN-P0-012-V | D16: SV1 | E16: 听众剪影、佛存在与女主归来关系 | F16: 是 | G16: MASTER; FRONT; BACK | I16: 否 | J16: 接叶手部关系 | N16: 待主创确认 | O16: 建议继承SCN003空间骨架
A17: ASR-SCN-P2-013-流放长路 | B17: 流放长路 | C17: ASR-SCN-P2-013-V | D17: SV0 | E17: 低频短促快闪 | F17: 是 | G17: MASTER | I17: 否 | J17: 长焦远景 | N17: 待主创确认

Sheet 生产包
A1: 资产生产包与审批门
A2: 《阿修罗》阶段1｜v0.9（主创确认前）｜生成日期 2026-07-12
A4: 生产包编号 | B4: 名称 | C4: 覆盖镜头 | D4: 包含资产 | E4: 阶段2执行小组 | F4: 前置依赖 | G4: 审批门 | H4: 交付形态 | I4: 完成条件 | J4: 阻断项 | K4: 可并行生产包 | L4: 后续生产包
A5: ASR-PKG-01 | B5: 全片视觉基准与女主身份 | C5: 全片 | D5: CHR001; CST001/002/014; REL001/003/013 | E5: 阶段2A风格组;人物资产组 | F5: CFM-001/002 | G5: 风格验证;女主身份剧照验证;手部验证 | H5: 女主四组基准资产 | I5: 跨状态为同一演员 | J5: 身份方向被否定 | K5: PKG-02 | L5: PKG-06
A6: ASR-PKG-02 | B6: 女主声纹与全片声音母题 | C6: 01-30 | D6: VOI001-003; SND001-016; REL011 | E6: 声音资产组 | F6: CFM-008/009 | G6: 声纹验证;声音母题分层验证 | H6: 人物/群体声音与母题 | I6: 秩序到寂静可调用 | J6: 声纹缺失仅阻断最终映射 | K6: PKG-01/03/04 | L6: PKG-09
A7: ASR-PKG-03 | B7: 佛、群像与佛国人物秩序 | C7: 03/07/10-15/29 | D7: CHR002; CRO001/002/005; REL004/014 | E7: 人物资产组;群演配置组 | F7: CFM-002 | G7: 局部人物验证;去复制验证 | H7: 佛局部与群像配置 | I7: 佛无正脸、群像不复制 | J7: 服饰口径未定 | K7: PKG-04 | L7: PKG-04
A8: ASR-PKG-04 | B8: 佛国空间、视图与主光 | C8: 02-18/29 | D8: SCN001/002/003/012; LGT001-004/010; REL005 | E8: 场景资产组;光影组 | F8: CFM-002/005/007 | G8: 母图;空间补全;光影确认 | H8: P0场景母图和视图 | I8: 客观轴线可追溯 | J8: SV未确认 | K8: PKG-03/05 | L8: PKG-05/09
A9: ASR-PKG-05 | B9: 核心道具与关键VFX技术测试 | C9: 01/04/08-20/29 | D9: PRP001/003; VFX001-005/010; REL002/006-009 | E9: 道具组;VFX测试组 | F9: CFM-003/004 | G9: 道具标准图;手部接触;VFX模板 | H9: 念珠/落叶与关键模板 | I9: 无手崩、叶形漂移、神迹化 | J9: P0身份/场景未就绪 | K9: PKG-03/04 | L9: PKG-09
A10: ASR-PKG-06 | B10: 女主轮回状态组 | C10: 21-29 | D10: CST003-013; REL001/013 | E10: 人物资产组;服装造型组 | F10: PKG-01;阶段2A色彩 | G10: 身份;服装状态;连续九镜验证 | H10: 11项轮回状态 | I10: 同脸且不成艳俗混剪 | J10: 身份不稳定 | K10: PKG-07 | L10: PKG-09
A11: ASR-PKG-07 | B11: 轮回关系人物、场景、光影与群演 | C11: 21-28 | D11: CHR003/004; SCN005-011/013; LGT006-009; CRO003/004/006 | E11: 场景组;配角组;群演组 | F11: CFM-006 | G11: 母图;关系切片;规模确认 | H11: 轮回场景与人物配置 | I11: 可承载动作接力 | J11: SV/时代口径未定 | K11: PKG-06/08 | L11: PKG-09
A12: ASR-PKG-08 | B12: 轮回叙事道具与后果VFX | C12: 23-28 | D12: PRP004-010; SYM002; VFX006-008 | E12: 道具组;VFX测试组 | F12: PKG-06/07 | G12: 形制;手部接触;快闪强度 | H12: 叙事道具与后果模板 | I12: 可读但不血腥酷刑化 | J12: 关系切片未就绪 | K12: PKG-06/07 | L12: PKG-09
A13: ASR-PKG-09 | B13: 片名、动作匹配切与高潮总装验证 | C13: 20-30 | D13: SYM001; VFX009; SCN004; LGT005; REL010/012;上游确认资产 | E13: 阶段2装配组 | F13: PKG-01/02/05/06/07/08 | G13: 片名;动作接力;声画节奏;归来终验 | H13: 高潮综合参考 | I13: 前慢后快末凝固 | J13: 上游未通过 | L13: 阶段3

Sheet 主创确认
A1: 主创确认项清单
A2: 《阿修罗》阶段1｜v0.9（主创确认前）｜生成日期 2026-07-12
A4: 编号 | B4: 优先级 | C4: 确认项 | D4: 阶段1建议 | E4: 不确认的影响 | F4: 状态
A5: ASR-CFM-001 | B5: P0 | C5: 女主视觉年龄与身份方向 | D5: 26—30岁；安静克制、真实皮肤 | E5: 身份基准无法锁定 | F5: 待主创确认
A6: ASR-CFM-002 | B6: P0 | C6: 佛国服装/建筑时代与地域口径 | D6: 不绑定朝代；东亚古典佛教语汇去符号化 | E6: 人物与寺宇可能混搭 | F6: 待主创确认
A7: ASR-CFM-003 | B7: P0 | C7: 灰白念珠形制 | D7: 8—10毫米哑光石/致密木；珠数待定 | E7: 手部与声音不能最终锁定 | F7: 待主创确认
A8: ASR-CFM-004 | B8: P0 | C8: 青绿落叶叶形/树种弱化 | D8: 窄椭圆真实叶；不指向特定神树 | E8: 叶片连续性会漂移 | F8: 待主创确认
A9: ASR-CFM-005 | B9: P0 | C9: P0场景视图等级 | D9: SCN001 SV1; SCN002 SV2; SCN003 SV2; SCN012 SV1 | E9: 不能批量生成稳定视图 | F9: 待主创确认
A10: ASR-CFM-006 | B10: P1 | C10: 轮回场景视图等级 | D10: 宫廷SV2；王府/灯下/帘后/宫门SV1；其余SV0 | E10: 生产量与稳定性不确定 | F10: 待主创确认
A11: ASR-CFM-007 | B11: P0 | C11: 佛前归来空间复用 | D11: 继承SCN003骨架，单独做心理归来母图 | E11: 可能重复生产或破坏归来感 | F11: 待主创确认
A12: ASR-CFM-008 | B12: P0 | C12: 女主外部声纹平台与样本 | D12: 提交干声与授权状态 | E12: 阻断最终声音映射 | F12: 待外部回流
A13: ASR-CFM-009 | B13: P0 | C13: 镜头22弦乐属性 | D13: 画外但属于场内的短促演奏声 | E13: 可能违反无非叙事配乐 | F13: 待主创确认
A14: ASR-CFM-010 | B14: P1 | C14: 片名字形方向 | D14: 灰白枯笔、无描金无发光；阶段2出3案 | E14: 片名卡不能最终制作 | F14: 待主创确认
A15: ASR-CFM-011 | B15: P1 | C15: 佛前归来精神年龄 | D15: 最初面部+极轻成熟疲惫，不明显老化 | E15: 可能换脸或无千年重量 | F15: 待主创确认
... A18: ASR-CFM-014 | B18: P1 | C18: 镜头29口型回退 | D18: 轻口型不自然时改画外音 | E18: 可能出现口型失真 | F18: 已由锁定卡允许
